epoch,accuracy,loss,val_accuracy,val_loss
0,0.8767507076263428,4.7179412841796875,0.30892449617385864,11.261544227600098
